{"cameraMode":{"drawMode":0,"name":"Shaded","section":"Shading Mode"},"sceneLighting":true,"audioPlay":false,"sceneViewState":{"showFog":true,"showMaterialUpdate":false,"showSkybox":true,"showFlares":true,"showImageEffects":true,"showParticleSystems":true},"in2DMode":false,"pivot":{"x":-0.8660414218902588,"y":6.164132118225098,"z":-0.24643784761428834},"rotation":{"x":-0.3581167161464691,"y":0.5695096850395203,"z":0.30194562673568728,"w":0.6754606366157532},"size":5.099750518798828,"orthographic":false}