{"cameraMode":{"drawMode":0,"name":"Shaded","section":"Shading Mode"},"sceneLighting":true,"audioPlay":false,"sceneViewState":{"showFog":true,"showMaterialUpdate":false,"showSkybox":true,"showFlares":true,"showImageEffects":true,"showParticleSystems":true},"in2DMode":false,"pivot":{"x":0.398406982421875,"y":1.1378045082092286,"z":-0.6334443092346191},"rotation":{"x":-0.1035052165389061,"y":-0.8817772269248962,"z":0.22844037413597108,"w":-0.3994884192943573},"size":4.403870105743408,"orthographic":false}