{"cameraMode":{"drawMode":0,"name":"Shaded","section":"Shading Mode"},"sceneLighting":true,"audioPlay":false,"sceneViewState":{"showFog":true,"showMaterialUpdate":false,"showSkybox":true,"showFlares":true,"showImageEffects":true,"showParticleSystems":true},"in2DMode":false,"pivot":{"x":-1.8518303632736207,"y":0.8463025093078613,"z":-1.230304479598999},"rotation":{"x":-0.143792524933815,"y":-0.8561933636665344,"z":0.347445011138916,"w":-0.354335218667984},"size":2.715876340866089,"orthographic":false}